category,title,price
dune,AURA AGATE GLASS 25х75 D971,7231
dune,ACANTO 60x60 D-962,4731
dune,NATASHA 25x75 D-916,1383
dune,STRIP ORO 2x75 D-432,1333
dune,COSMOPOLITAN MARFIL 25x75 M-872,1499
dune,ZOCALO COSMOPOLITAN MARFIL 10x75 D-545,744
dune,ANDRIA TRAVERTINO RECT. 59.4x59.4 M-920,2000
dune,LONDON COSMOPOLITAN MARFIL 5x75 D-405,1263
dune,CREMABELLA REC 60х60 M-920,2102
dune,LUX ORO 1.5x90.1 D-461,400
dune,NOBILE 29.5х90.1 D-917,3962
dune,ORGANZA 29.5х90.1 D-915,1514
dune,CARINA CREMA REC 60х60 D-945,2089
dune,CREMONA 59.4x59.4 D-966,2100
dune,CREMONA DECO 59.4x59.4 D-966,2100
dune,WHISPERS 29.5x90.1 M-985,3100
dune,MEZZO REC BIS 60x60 M-920,3664
dune,IMPERIALE MEZZO 29.5x90.1 M-925,3860
dune,CAPITEL MEZZO 7.5x29.5 D-205,241
dune,ALZATA MEZZO 15x29.5 D-382,435
dune,IMPERIALE MEZZO 30х90 M-925,3860
dune,GATSBY 30х90 D-962,4631
dune,GATSBY 29.5x90.1,4631
mayor,CEMENTS SNOW PELDANO RECTO 33х120 M-739,5762
mayor,CEMENTS SNOW OUT 75х75 M-769,3339
mayor,CEMENTS WARM OUT 75х75 M-769,3339
mayor,CEMENTS WARM PELDANO RECTO 33х120 M-739,5762
mayor,CEMENTS SMOKE PELDANO RECTO 33х120 M-739,5762
mayor,CEMENTS SMOKE OUT 75х75 M-769,3339
mayor,CEMENTS SNOW OUT 37.5х75 M-770,3373
mayor,CEMENTS SNOW REJILLA CERAMICA 25х50 M-747,5298
mayor,SEA ROCK CARAMEL 31.6x31.6 M-494,2624
mayor,PELD. FLORENTINO SEA ROCK CARAMEL 31.6x33 M-382,1339
mayor,SEA ROCK TOFFEE 31.6x31.6 M-494,2624
mayor,PELD. FLORENTINO SEA ROCK TOFFEE 31.6x33 M-382,1339
mayor,ANG. PELD. FLORENTINO SEA ROCK CARAMEL 33x33 M-491,4194
mayor,ANG. PELD. FLORENTINO SEA ROCK TOFFEE 33x33 M-491,4194